protospacer_target	antisense_sequence
chr16:70289419-70289437(-)	ACCTCTCCTAGGGTCGCCG
chr16:70289477-70289495(-)	CTGCACCTATTCCCGCAGA
chr16:70289454-70289472(-)	CAGAGTCCCCCGCCAAGGG
chr16:70289423-70289441(-)	CTCCTAGGGTCGCCGTCCC
chr16:70289463-70289481(-)	CCGCCAAGGGCCCGCTGCA
chr16:70289409-70289427(+)	AGGAGAGGTAGGCCGCCCT
chr17:81512739-81512757(+)	CTCCGCCGTCGCGTTTCTC
chr17:81512731-81512749(+)	TCGCGTTTCTCTGCCGGTG
chr17:81512742-81512760(+)	CCGCTCCGCCGTCGCGTTT
chr17:81512734-81512752(+)	CCGTCGCGTTTCTCTGCCG
chr17:81512770-81512788(+)	CTGCCAGCTCTCGCACTCT
chr17:81512700-81512718(+)	CGGGGCCTGAGCTGGACGT
chr8:38996855-38996873(-)	TACGTCAGCGCAGCTAGGC

